{
  "trained_on": "full Sold (train+val+test)",
  "training_run_date": "2026-07-19 20:58:06",
  "n_train": 87276,
  "n_val": 18702,
  "n_test": 18703,
  "n_full": 124681,
  "hyperparameters": {
    "n_estimators": 759,
    "max_depth": 8,
    "learning_rate": 0.05,
    "subsample": 0.8,
    "colsample_bytree": 0.8,
    "tree_method": "hist",
    "random_state": 0,
    "n_jobs": -1,
    "verbosity": 0
  },
  "validation_metrics": {
    "rmse_aud": 267275.6308721106,
    "mape": 12.682875285125903,
    "r2": 0.8631370719163082
  },
  "test_metrics": {
    "rmse_aud": 195099.99118545093,
    "mape": 11.397749885577978,
    "r2": 0.8644468003525085
  }
}