{
  "trained_on": "full Sold (train+val+test)",
  "training_run_date": "2026-05-13 07:18:45",
  "n_train": 80215,
  "n_val": 17189,
  "n_test": 17190,
  "n_full": 114594,
  "hyperparameters": {
    "n_estimators": 1532,
    "max_depth": 6,
    "learning_rate": 0.05,
    "subsample": 0.8,
    "colsample_bytree": 1.0,
    "tree_method": "hist",
    "random_state": 0,
    "n_jobs": -1,
    "verbosity": 0
  },
  "validation_metrics": {
    "rmse_aud": 292776.2327043492,
    "mape": 12.901633335424814,
    "r2": 0.7882005880425982
  },
  "test_metrics": {
    "rmse_aud": 206082.8239189888,
    "mape": 11.798049830405667,
    "r2": 0.8190565990533623
  }
}