{
  "trained_on": "full Sold (train+val+test)",
  "training_run_date": "2026-06-07 21:21:02",
  "n_train": 82889,
  "n_val": 17762,
  "n_test": 17763,
  "n_full": 118414,
  "hyperparameters": {
    "n_estimators": 1480,
    "max_depth": 6,
    "learning_rate": 0.05,
    "subsample": 0.8,
    "colsample_bytree": 1.0,
    "tree_method": "hist",
    "random_state": 0,
    "n_jobs": -1,
    "verbosity": 0
  },
  "validation_metrics": {
    "rmse_aud": 291979.1587833912,
    "mape": 13.94859705521039,
    "r2": 0.8433211393794714
  },
  "test_metrics": {
    "rmse_aud": 201587.4451377233,
    "mape": 11.835438531930393,
    "r2": 0.8638800832725577
  }
}