{
  "trained_on": "full Sold (train+val+test)",
  "training_run_date": "2026-05-13 16:22:01",
  "n_train": 80215,
  "n_val": 17189,
  "n_test": 17190,
  "n_full": 114594,
  "hyperparameters": {
    "n_estimators": 1532,
    "max_depth": 6,
    "learning_rate": 0.05,
    "subsample": 0.8,
    "colsample_bytree": 1.0,
    "tree_method": "hist",
    "random_state": 0,
    "n_jobs": -1,
    "verbosity": 0
  },
  "validation_metrics": {
    "rmse_aud": 293962.7064521497,
    "mape": 12.954754740212257,
    "r2": 0.7864804782898774
  },
  "test_metrics": {
    "rmse_aud": 203307.0821680552,
    "mape": 11.828506934708974,
    "r2": 0.8238980478562672
  }
}