{
  "trained_on": "full Sold (train+val+test)",
  "training_run_date": "2026-05-14 02:14:39",
  "n_train": 80217,
  "n_val": 17189,
  "n_test": 17190,
  "n_full": 114596,
  "hyperparameters": {
    "n_estimators": 1532,
    "max_depth": 6,
    "learning_rate": 0.05,
    "subsample": 0.8,
    "colsample_bytree": 1.0,
    "tree_method": "hist",
    "random_state": 0,
    "n_jobs": -1,
    "verbosity": 0
  },
  "validation_metrics": {
    "rmse_aud": 294059.20713386615,
    "mape": 12.893991661116141,
    "r2": 0.7866014489353507
  },
  "test_metrics": {
    "rmse_aud": 206252.91345539817,
    "mape": 11.83763101495677,
    "r2": 0.8190218300491369
  }
}