{
  "trained_on": "full Sold (train+val+test)",
  "training_run_date": "2026-06-20 16:04:10",
  "n_train": 83371,
  "n_val": 17865,
  "n_test": 17866,
  "n_full": 119102,
  "hyperparameters": {
    "n_estimators": 1480,
    "max_depth": 6,
    "learning_rate": 0.05,
    "subsample": 0.8,
    "colsample_bytree": 1.0,
    "tree_method": "hist",
    "random_state": 0,
    "n_jobs": -1,
    "verbosity": 0
  },
  "validation_metrics": {
    "rmse_aud": 287127.2194493711,
    "mape": 12.95628032901627,
    "r2": 0.857966718097999
  },
  "test_metrics": {
    "rmse_aud": 198107.44947149078,
    "mape": 11.73211693270084,
    "r2": 0.8621470907776128
  }
}