{
  "trained_on": "full Sold (train+val+test)",
  "training_run_date": "2026-05-15 19:34:35",
  "n_train": 80423,
  "n_val": 17233,
  "n_test": 17235,
  "n_full": 114891,
  "hyperparameters": {
    "n_estimators": 1480,
    "max_depth": 6,
    "learning_rate": 0.05,
    "subsample": 0.8,
    "colsample_bytree": 1.0,
    "tree_method": "hist",
    "random_state": 0,
    "n_jobs": -1,
    "verbosity": 0
  },
  "validation_metrics": {
    "rmse_aud": 290340.8697453406,
    "mape": 12.939341424411419,
    "r2": 0.8625331689676645
  },
  "test_metrics": {
    "rmse_aud": 208638.61713295084,
    "mape": 11.989875446433768,
    "r2": 0.8573139988506638
  }
}