{
  "trained_on": "full Sold (train+val+test)",
  "training_run_date": "2026-05-31 21:07:53",
  "n_train": 81398,
  "n_val": 17442,
  "n_test": 17444,
  "n_full": 116284,
  "hyperparameters": {
    "n_estimators": 1480,
    "max_depth": 6,
    "learning_rate": 0.05,
    "subsample": 0.8,
    "colsample_bytree": 1.0,
    "tree_method": "hist",
    "random_state": 0,
    "n_jobs": -1,
    "verbosity": 0
  },
  "validation_metrics": {
    "rmse_aud": 292597.50144742854,
    "mape": 13.187034850043874,
    "r2": 0.8560517329469777
  },
  "test_metrics": {
    "rmse_aud": 203932.8277686644,
    "mape": 11.875199275891083,
    "r2": 0.8668136033466319
  }
}