{
  "trained_on": "full Sold (train+val+test)",
  "training_run_date": "2026-05-24 21:05:09",
  "n_train": 81183,
  "n_val": 17396,
  "n_test": 17398,
  "n_full": 115977,
  "hyperparameters": {
    "n_estimators": 1480,
    "max_depth": 6,
    "learning_rate": 0.05,
    "subsample": 0.8,
    "colsample_bytree": 1.0,
    "tree_method": "hist",
    "random_state": 0,
    "n_jobs": -1,
    "verbosity": 0
  },
  "validation_metrics": {
    "rmse_aud": 289859.4283771383,
    "mape": 12.981608798937797,
    "r2": 0.8594592281955916
  },
  "test_metrics": {
    "rmse_aud": 208186.98092315506,
    "mape": 11.931234316097202,
    "r2": 0.8658488457130951
  }
}