{
  "trained_on": "full Sold (train+val+test)",
  "training_run_date": "2026-05-18 07:45:16",
  "n_train": 80772,
  "n_val": 17308,
  "n_test": 17309,
  "n_full": 115389,
  "hyperparameters": {
    "n_estimators": 1480,
    "max_depth": 6,
    "learning_rate": 0.05,
    "subsample": 0.8,
    "colsample_bytree": 1.0,
    "tree_method": "hist",
    "random_state": 0,
    "n_jobs": -1,
    "verbosity": 0
  },
  "validation_metrics": {
    "rmse_aud": 289292.0634774984,
    "mape": 12.963686263556973,
    "r2": 0.8598581473589206
  },
  "test_metrics": {
    "rmse_aud": 207268.6827322901,
    "mape": 11.903192876906738,
    "r2": 0.8581355759503028
  }
}