{
  "trained_on": "full Sold (train+val+test)",
  "training_run_date": "2026-06-28 10:39:31",
  "n_train": 85509,
  "n_val": 18323,
  "n_test": 18325,
  "n_full": 122157,
  "hyperparameters": {
    "n_estimators": 759,
    "max_depth": 8,
    "learning_rate": 0.05,
    "subsample": 0.8,
    "colsample_bytree": 0.8,
    "tree_method": "hist",
    "random_state": 0,
    "n_jobs": -1,
    "verbosity": 0
  },
  "validation_metrics": {
    "rmse_aud": 288314.6102712229,
    "mape": 12.947891446649312,
    "r2": 0.8534058424105864
  },
  "test_metrics": {
    "rmse_aud": 189058.78898396358,
    "mape": 11.574930620829313,
    "r2": 0.8624936810930182
  }
}