{
  "trained_on": "full Sold (train+val+test)",
  "training_run_date": "2026-05-15 00:50:40",
  "n_train": 80266,
  "n_val": 17200,
  "n_test": 17201,
  "n_full": 114667,
  "hyperparameters": {
    "n_estimators": 1532,
    "max_depth": 6,
    "learning_rate": 0.05,
    "subsample": 0.8,
    "colsample_bytree": 1.0,
    "tree_method": "hist",
    "random_state": 0,
    "n_jobs": -1,
    "verbosity": 0
  },
  "validation_metrics": {
    "rmse_aud": 293114.80979062367,
    "mape": 12.902551391655065,
    "r2": 0.7878423916616615
  },
  "test_metrics": {
    "rmse_aud": 207604.99509929033,
    "mape": 11.83443109362429,
    "r2": 0.8168063681051416
  }
}