{
  "trained_on": "full Sold (train+val+test)",
  "training_run_date": "2026-06-14 21:20:43",
  "n_train": 82891,
  "n_val": 17762,
  "n_test": 17764,
  "n_full": 118417,
  "hyperparameters": {
    "n_estimators": 1480,
    "max_depth": 6,
    "learning_rate": 0.05,
    "subsample": 0.8,
    "colsample_bytree": 1.0,
    "tree_method": "hist",
    "random_state": 0,
    "n_jobs": -1,
    "verbosity": 0
  },
  "validation_metrics": {
    "rmse_aud": 285007.9136044537,
    "mape": 12.88418596739033,
    "r2": 0.8609249404373035
  },
  "test_metrics": {
    "rmse_aud": 199897.56504919613,
    "mape": 11.84203166935362,
    "r2": 0.863135537313072
  }
}