{
  "trained_on": "full Sold (train+val+test)",
  "training_run_date": "2026-06-21 21:22:26",
  "n_train": 83806,
  "n_val": 17958,
  "n_test": 17959,
  "n_full": 119723,
  "hyperparameters": {
    "n_estimators": 1480,
    "max_depth": 6,
    "learning_rate": 0.05,
    "subsample": 0.8,
    "colsample_bytree": 1.0,
    "tree_method": "hist",
    "random_state": 0,
    "n_jobs": -1,
    "verbosity": 0
  },
  "validation_metrics": {
    "rmse_aud": 285699.68083424406,
    "mape": 12.927846573634088,
    "r2": 0.8597905235124848
  },
  "test_metrics": {
    "rmse_aud": 196940.28548729522,
    "mape": 11.661478845647814,
    "r2": 0.8619172632503891
  }
}