{
  "trained_on": "full Sold (train+val+test)",
  "training_run_date": "2026-07-12 20:57:57",
  "n_train": 86632,
  "n_val": 18564,
  "n_test": 18564,
  "n_full": 123760,
  "hyperparameters": {
    "n_estimators": 759,
    "max_depth": 8,
    "learning_rate": 0.05,
    "subsample": 0.8,
    "colsample_bytree": 0.8,
    "tree_method": "hist",
    "random_state": 0,
    "n_jobs": -1,
    "verbosity": 0
  },
  "validation_metrics": {
    "rmse_aud": 275549.7445488381,
    "mape": 12.667047607467765,
    "r2": 0.8636067897119495
  },
  "test_metrics": {
    "rmse_aud": 189684.45336688796,
    "mape": 11.513738253496843,
    "r2": 0.8618578926252713
  }
}