{
  "trained_on": "full Sold (train+val+test)",
  "training_run_date": "2026-05-28 05:14:33",
  "n_train": 81335,
  "n_val": 17428,
  "n_test": 17430,
  "n_full": 116193,
  "hyperparameters": {
    "n_estimators": 1480,
    "max_depth": 6,
    "learning_rate": 0.05,
    "subsample": 0.8,
    "colsample_bytree": 1.0,
    "tree_method": "hist",
    "random_state": 0,
    "n_jobs": -1,
    "verbosity": 0
  },
  "validation_metrics": {
    "rmse_aud": 293163.26671078487,
    "mape": 13.034009462373659,
    "r2": 0.8572456263100876
  },
  "test_metrics": {
    "rmse_aud": 202654.43797624277,
    "mape": 11.835248338291319,
    "r2": 0.8672502013367789
  }
}