{
  "trained_on": "full Sold (train+val+test)",
  "training_run_date": "2026-06-02 12:39:03",
  "n_train": 81727,
  "n_val": 17512,
  "n_test": 17514,
  "n_full": 116753,
  "hyperparameters": {
    "n_estimators": 1480,
    "max_depth": 6,
    "learning_rate": 0.05,
    "subsample": 0.8,
    "colsample_bytree": 1.0,
    "tree_method": "hist",
    "random_state": 0,
    "n_jobs": -1,
    "verbosity": 0
  },
  "validation_metrics": {
    "rmse_aud": 290637.93613106577,
    "mape": 12.95087378928686,
    "r2": 0.8587709195065822
  },
  "test_metrics": {
    "rmse_aud": 203691.26148546406,
    "mape": 11.876273644135772,
    "r2": 0.8655702556387161
  }
}