{
  "hyperparameters": {
    "n_estimators": 1532,
    "max_depth": 6,
    "learning_rate": 0.05,
    "subsample": 0.8,
    "colsample_bytree": 1.0,
    "tree_method": "hist",
    "random_state": 0,
    "n_jobs": -1,
    "verbosity": 0
  },
  "n_train": 80215,
  "n_val": 17189,
  "n_test": 17190,
  "validation_metrics": {
    "rmse_log": 0.18106662212560948,
    "mae_log": 0.12663295831667526,
    "r2": 0.8622906968268549,
    "rmse_aud": 293092.6008747958,
    "mae_aud": 138691.53790578278,
    "mape": 12.974091082724387
  },
  "test_metrics": {
    "rmse_log": 0.18313293060419325,
    "mae_log": 0.13150380242425946,
    "r2": 0.8388606377748746,
    "rmse_aud": 219669.42830732517,
    "mae_aud": 125406.60696807737,
    "mape": 12.931038642106637
  },
  "trained_on": "full Sold (train+val+test)"
}