{
  "trained_on": "full Sold (train+val+test)",
  "training_run_date": "2026-07-05 21:09:30",
  "n_train": 86282,
  "n_val": 18489,
  "n_test": 18489,
  "n_full": 123260,
  "hyperparameters": {
    "n_estimators": 759,
    "max_depth": 8,
    "learning_rate": 0.05,
    "subsample": 0.8,
    "colsample_bytree": 0.8,
    "tree_method": "hist",
    "random_state": 0,
    "n_jobs": -1,
    "verbosity": 0
  },
  "validation_metrics": {
    "rmse_aud": 285981.9239466393,
    "mape": 12.686115363759232,
    "r2": 0.860358195364074
  },
  "test_metrics": {
    "rmse_aud": 190303.41204094092,
    "mape": 11.600215913077719,
    "r2": 0.8620995727407786
  }
}