{
  "data_snapshot_date": "2026-05-02",
  "n_train": 80220,
  "n_val": 17190,
  "n_test": 17190,
  "validation_metrics": {
    "linear_ridge": {
      "rmse_log": 0.29542013115766536,
      "mae_log": 0.2168590383470597,
      "r2": 0.6345154362268488,
      "rmse_aud": 447863.3032867079,
      "mae_aud": 224596.39264410126,
      "mape": 23.172726517923582
    },
    "random_forest": {
      "rmse_aud": 324862.05690564675,
      "mae_aud": 141907.43538684878,
      "mape": 13.081113714454421,
      "r2": 0.8490547533428984
    },
    "xgboost": {
      "rmse_aud": 295565.0902596776,
      "mae_aud": 138039.0862719968,
      "mape": 12.795475597554745,
      "r2": 0.8643637372599621
    }
  },
  "test_metrics_xgboost": {
    "rmse_log": 0.16679709187465058,
    "mae_log": 0.11755767518590256,
    "r2": 0.8667939573061996,
    "rmse_aud": 204120.49617150804,
    "mae_aud": 115096.17969568062,
    "mape": 11.902459210279336
  },
  "best_hyperparameters": {
    "n_estimators": 1480,
    "max_depth": 6,
    "learning_rate": 0.05,
    "subsample": 0.8,
    "colsample_bytree": 1.0
  },
  "winner": "XGBoost"
}