{
  "data_snapshot_date": "2026-05-02",
  "n_train": 80215,
  "n_val": 17189,
  "n_test": 17190,
  "validation_metrics": {
    "linear_ridge": {
      "rmse_log": 0.294946304370202,
      "mae_log": 0.21656959906107556,
      "r2": 0.6345967556399812,
      "rmse_aud": 447644.50215599337,
      "mae_aud": 224329.47310816986,
      "mape": 23.127667808251466
    },
    "random_forest": {
      "rmse_aud": 324711.73515739356,
      "mae_aud": 141830.81814672682,
      "mape": 13.072355684173248,
      "r2": 0.8484647984364899
    },
    "xgboost": {
      "rmse_aud": 295156.2156884443,
      "mae_aud": 138100.23791878164,
      "mape": 12.79285838662902,
      "r2": 0.8638993376458745
    }
  },
  "test_metrics_xgboost": {
    "rmse_log": 0.16521615364877817,
    "mae_log": 0.11712434139279414,
    "r2": 0.8688483483220311,
    "rmse_aud": 203831.73591736885,
    "mae_aud": 114892.17305800975,
    "mape": 11.828218963048323
  },
  "best_hyperparameters": {
    "n_estimators": 1532,
    "max_depth": 6,
    "learning_rate": 0.05,
    "subsample": 0.8,
    "colsample_bytree": 1.0
  },
  "winner": "XGBoost"
}